{"[VALIDATION] Mean Episode Reward (3 Episodes)": 86.04263941915205, "[TRAIN] Episode Reward": 6.464867840947107, "[TRAIN] Policy Loss": -3.43225359916687, "[TRAIN] avg_mu_v": 0.151193767786026, "[TRAIN] avg_std_v": 2.0, "[TRAIN] avg_action": 0.07516340166330338, "Training Episode": 7100, "Training Steps": 7100, "_timestamp": 1717577174.9838367, "_runtime": 1552.2175025939941, "_step": 7099, "_wandb": {"runtime": 1551}}