{"_step":237,"_timestamp":1.7339735931980662e+09,"[TRAIN] avg_action":-0.060060061514377594,"Training Steps":238,"[TRAIN] Episode Reward":-317.0678788308687,"[TRAIN] Policy Loss":-14.873636245727539,"_wandb":{"runtime":55},"Training Episode":238,"_runtime":55.7140719,"[TRAIN] avg_std_v":2.403240442276001,"[TRAIN] avg_mu_v":-0.17644740641117096,"[VALIDATION] Mean Episode Reward (3 Episodes)":-33.73362883171126}