{"[TRAIN] Episode Reward":-54.580898666856655,"[TRAIN] avg_std_v":2,"_timestamp":1.7339747564769037e+09,"[TRAIN] Policy Loss":-7.103696823120117,"[VALIDATION] Mean Episode Reward (3 Episodes)":85.51113511980219,"_wandb":{"runtime":1100},"[TRAIN] avg_mu_v":0.041298236697912216,"Training Episode":6400,"_runtime":1100.8076146,"[TRAIN] avg_action":0.020408162847161293,"Training Steps":6400,"_step":6399}