{"[VALIDATION] Mean Episode Reward (3 Episodes)": 251.69001928847305, "[TRAIN] Episode Reward": 180.07534992303277, "[TRAIN] Loss": 9.033966064453125, "[TRAIN] Epsilon": 0.11444444444444446, "[TRAIN] Replay buffer": 300000, "Training Episode": 1000, "Training Steps": 414076, "_timestamp": 1711874842.9876103, "_runtime": 3020.0503833293915, "_step": 999, "_wandb": {"runtime": 3018}}