{"[VALIDATION] Mean Episode Reward (3 Episodes)": -0.61594708994192, "[TRAIN] Episode Reward": -3.803293460312105, "[TRAIN] Policy Loss": -4.4865641593933105, "[TRAIN] avg_mu_v": 0.4574272930622101, "[TRAIN] avg_std_v": 2.0, "[TRAIN] avg_action": 0.13636364042758942, "Training Episode": 5777, "Training Steps": 5777, "_timestamp": 1717575594.171083, "_runtime": 1442.3373339176178, "_step": 5776, "_wandb": {"runtime": 1442}}