{"[TRAIN] Episode Reward":-145.82053220827314,"_wandb":{"runtime":694},"_runtime":694.9317571,"[TRAIN] avg_std_v":2,"_timestamp":1.73397312431741e+09,"[TRAIN] avg_action":0.09862671792507172,"[TRAIN] Policy Loss":-4.544940948486328,"_step":2384,"[VALIDATION] Mean Episode Reward (3 Episodes)":-0.7604533063508402,"[TRAIN] avg_mu_v":0.16957125067710876,"Training Episode":2385,"Training Steps":2385}