{"[VALIDATION] Mean Episode Reward (3 Episodes)": 211.18787976798515, "[TRAIN] Episode Reward": 226.59742606257785, "[TRAIN] Loss": 4.0083842277526855, "[TRAIN] Epsilon": 0.28155555555555556, "[TRAIN] Replay buffer": 238429, "Training Episode": 800, "Training Steps": 238397, "_timestamp": 1711885177.8884087, "_runtime": 1226.1783165931702, "_step": 799, "_wandb": {"runtime": 1225}}