{"[VALIDATION] Mean Episode Reward (3 Episodes)": 49.89736278434733, "[TRAIN] Episode Reward": -68.93054803742334, "[TRAIN] Policy Loss": -15.105100631713867, "[TRAIN] avg_mu_v": 0.21287916600704193, "[TRAIN] avg_std_v": 2.0, "[TRAIN] avg_action": 0.054644808173179626, "Training Episode": 10865, "Training Steps": 10865, "_timestamp": 1717574092.3941336, "_runtime": 2355.378163576126, "_step": 10864, "_wandb": {"runtime": 2354}}